step,elapsed_tokens,elapsed_examples,training_loss,training_sequence_accuracy,training_token_accuracy
1,57,1,3.435262895115218,0.0,0.2
2,82,2,3.986740202279082,0.0,0.2222222222222222
3,251,3,2.397611563799742,0.0,0.34710743801652894
4,324,4,3.8780505940564356,0.0,0.13953488372093023
5,365,5,1.6296811421890163,0.0,0.1
6,390,6,3.985946752525051,0.0,0.08333333333333333
7,415,7,2.3640831710746593,0.0,0.4
8,488,8,0.9734088396103794,0.0,0.47619047619047616
9,553,9,3.9935592221874936,0.0,0.16279069767441862
10,626,10,2.7305157066524086,0.0,0.2127659574468085
11,659,11,1.9825297555972066,0.0,0.2
12,700,12,2.725720226873877,0.0,0.24
13,781,13,1.3503835973371445,0.0,0.45161290322580644
14,846,14,2.353924090348155,0.0,0.29545454545454547
15,871,15,2.233671050175714,0.0,0.3076923076923077
16,904,16,2.0200011528143658,0.0,0.23076923076923078
17,945,17,1.3821385205173866,0.0,0.3333333333333333
18,994,18,2.867022265436438,0.0,0.3783783783783784
19,1083,19,2.1957586557945152,0.0,0.4142857142857143
20,1228,20,1.9046663721193584,0.0,0.41
21,1301,21,1.8694767610116914,0.0,0.3055555555555556
22,1366,22,2.3111483180703365,0.0,0.2972972972972973
23,1391,23,2.4737165891751647,0.0,0.0
24,1432,24,1.8550767520703375,0.0,0.3157894736842105
25,1593,25,2.9597546402540176,0.0,0.4027777777777778
26,1666,26,2.715024532230778,0.0,0.3469387755102041
27,1699,27,2.296189280534163,0.0,0.3333333333333333
28,1780,28,1.978105542064295,0.0,0.3442622950819672
29,1821,29,1.5218018144415693,0.0,0.2857142857142857
30,1950,30,2.741352941259975,0.0,0.29896907216494845
31,1967,31,3.409105119630694,0.0,0.3
32,1992,32,1.4470165115843217,0.0,0.5384615384615384
33,2025,33,2.252833172599785,0.0,0.3333333333333333
34,2090,34,1.8169655939406948,0.0,0.3783783783783784
35,2131,35,2.7888983590863647,0.0,0.28
36,2316,36,1.306201619173238,0.0,0.3026315789473684
37,2333,37,0.5680845873104409,0.0,0.2
38,2382,38,1.7588623824863074,0.0,0.44
39,2439,39,1.637785936777613,0.0,0.3448275862068966
40,2456,40,1.9067351958155632,0.0,0.2222222222222222
41,2481,41,0.6229600396743626,0.0,0.25
42,2506,42,1.2210969478885332,0.0,0.16666666666666666
43,2571,43,2.131574857287924,0.0,0.43137254901960786
44,2596,44,1.102969960644841,0.0,0.4444444444444444
45,2693,45,1.854081847845955,0.0,0.3333333333333333
46,2734,46,1.602529123504355,0.0,0.2727272727272727
47,2799,47,1.3042702393976287,0.0,0.3333333333333333
48,2848,48,1.9160847648854056,0.0,0.2
49,2881,49,1.3916273099649699,0.0,0.4
50,2922,50,1.78706607183069,0.0,0.23809523809523808
51,3003,51,3.1000254751270404,0.0,0.3064516129032258
52,3100,52,1.8093412513285392,0.0,0.2857142857142857
53,3149,53,2.5651398485309134,0.0,0.14285714285714285
54,3198,54,2.3607894061750994,0.0,0.23076923076923078
55,3231,55,2.8380671509820967,0.0,0.2631578947368421
56,3320,56,1.7007664243925618,0.0,0.41304347826086957
57,3361,57,1.758374259185046,0.0,0.35294117647058826
58,3410,58,1.7853192276659442,0.0,0.4666666666666667
59,3459,59,1.948074346532109,0.0,0.34615384615384615
60,3484,60,1.859617588302741,0.0,0.3333333333333333
61,3549,61,1.3075448731223152,0.0,0.42424242424242425
62,3574,62,0.4668494511417036,0.0,0.0
63,3663,63,0.9800435525249288,0.0,0.43333333333333335
64,3728,64,2.8583051943096507,0.0,0.17777777777777778
65,3769,65,2.310358981018886,0.0,0.26666666666666666
66,4002,66,1.2064529958920522,0.0,0.7231638418079096
67,4019,67,2.327798986509442,0.0,0.16666666666666666
68,4068,68,2.8522817685858657,0.0,0.22580645161290322
69,4093,69,1.3721451348314684,0.0,0.2857142857142857
70,4142,70,2.4152567639915894,0.0,0.17391304347826086
71,4191,71,2.574447608287834,0.0,0.2727272727272727
72,4240,72,2.6311089001813284,0.0,0.25
73,4257,73,2.3842019005678594,0.0,0.3
74,4290,74,2.5241961097804597,0.0,0.2727272727272727
75,4371,75,2.07787881432235,0.0,0.34615384615384615
76,4404,76,2.42005528739508,0.0,0.2727272727272727
77,4429,77,1.1019298863325577,0.0,0.5
78,4454,78,0.542718729727591,0.0,0.5714285714285714
79,4567,79,2.263665316604446,0.0,0.3670886075949367
80,4608,80,3.442169741002843,0.0,0.13333333333333333
81,4641,81,1.2437781973402888,0.0,0.5789473684210527
82,4714,82,1.5735559193692945,0.0,0.13793103448275862
83,4755,83,1.3873718096176164,0.0,0.16666666666666666
84,4772,84,1.6203338334988802,0.0,0.2
85,4885,85,2.0558746651782087,0.0,0.4
86,4950,86,2.1779297925494028,0.0,0.2
87,5007,87,2.2737726538405485,0.0,0.3333333333333333
88,5056,88,2.4095952825141524,0.0,0.4117647058823529
89,5113,89,2.4461176400097715,0.0,0.25
90,5146,90,1.758355674869381,0.0,0.2
91,5203,91,2.3897591275029115,0.0,0.325
92,5244,92,1.7808720030593688,0.0,0.38095238095238093
93,5277,93,2.5333172317035495,0.0,0.3
94,5350,94,2.0122937943648624,0.0,0.3902439024390244
95,5399,95,1.4070542608826386,0.0,0.3333333333333333
96,5432,96,1.8972250756202267,0.0,0.16666666666666666
97,5449,97,2.91650272014027,0.0,0.0
98,5490,98,1.1546143083274365,0.0,0.5454545454545454
99,5619,99,1.774412301819757,0.0,0.48
100,5660,100,2.635508473050315,0.0,0.375
101,5693,101,2.2025252038706093,0.0,0.2
102,5742,102,2.1068315289450883,0.0,0.3333333333333333
103,5791,103,1.062741143295231,0.0,0.375
104,5824,104,0.3262286129329004,0.0,0.3333333333333333
105,5849,105,1.181524257681643,0.0,0.0
106,5890,106,2.0423005272932353,0.0,0.21052631578947367
107,5955,107,1.9044784305422218,0.0,0.3902439024390244
108,6076,108,2.3761185183135285,0.0,0.5045871559633027
109,6141,109,2.9378994871396573,0.0,0.34615384615384615
110,6214,110,3.4050293181650337,0.0,0.22950819672131148
111,6271,111,0.5452513371461827,0.0,0.47058823529411764
112,6312,112,1.1208661772515625,0.0,0.15384615384615385
113,6553,113,2.676324671978577,0.0,0.3811659192825112
114,6586,114,1.0478684857010376,0.0,0.3333333333333333
115,6627,115,0.8575032413871959,0.0,0.5714285714285714
116,6756,116,2.892262176977947,0.0,0.3559322033898305
117,6781,117,2.0858386081162217,0.0,0.38461538461538464
118,6998,118,2.212429870283137,0.0,0.3717948717948718
119,7039,119,2.4984606355763974,0.0,0.25
120,7064,120,1.7183036016114053,0.0,0.2
121,7105,121,1.0468291809381918,0.0,0.5333333333333333
122,7162,122,3.348990554535495,0.0,0.25
123,7187,123,2.613840908635563,0.0,0.5
124,7236,124,2.053136499456292,0.0,0.30434782608695654
125,7269,125,1.6836202099104411,0.0,0.21428571428571427
126,7374,126,0.9518052974331799,0.0,0.34210526315789475
127,7431,127,2.504518150771702,0.0,0.21875
128,7512,128,2.288735702197999,0.0,0.3898305084745763
129,7553,129,1.894672908337263,0.0,0.4482758620689655
130,7626,130,2.7884553972986112,0.0,0.23255813953488372
131,7699,131,2.198454180634839,0.0,0.5094339622641509
132,7732,132,2.0676519756577907,0.0,0.2631578947368421
133,7757,133,1.7967014998570083,0.0,0.35714285714285715
134,7814,134,1.5796309487201505,0.0,0.3939393939393939
135,7847,135,1.5608501050667838,0.0,0.5294117647058824
136,8000,136,2.1808565236585626,0.0,0.36792452830188677
137,8033,137,2.416743459078134,0.0,0.38095238095238093
138,8058,138,1.2789004267340836,0.0,0.4
139,8075,139,1.9612931064423174,0.0,0.14285714285714285
140,8084,140,1.3730473591946064,0.0,0.0
141,8117,141,1.2205404415098018,0.0,0.5625
142,8150,142,1.6419301747798454,0.0,0.14285714285714285
143,8191,143,0.8618958516849671,0.0,0.5384615384615384
144,8240,144,2.0619189942932765,0.0,0.125
145,8345,145,3.2883051670165826,0.0,0.32978723404255317
146,8402,146,1.7341256279005235,0.0,0.3333333333333333
147,8451,147,2.620098316436633,0.0,0.09090909090909091
148,8484,148,2.2162509418930854,0.0,0.07142857142857142
149,8541,149,2.6082740991535993,0.0,0.3953488372093023
150,8598,150,0.9388515614357311,0.0,0.47619047619047616
151,8655,151,3.4362673200809923,0.0,0.21951219512195122
152,8680,152,0.5473754801849524,0.0,0.0
153,8705,153,2.2809933829928437,0.0,0.3333333333333333
154,8738,154,2.089011447125813,0.0,0.08333333333333333
155,8819,155,2.936481026711874,0.0,0.34285714285714286
156,8876,156,1.9737182232740866,0.0,0.3611111111111111
157,8901,157,2.1138811662001533,0.0,0.25
158,8998,158,2.1222013105377355,0.0,0.3333333333333333
159,9047,159,2.4192146711986666,0.0,0.25
160,9128,160,2.7631674866010436,0.0,0.4117647058823529
161,9281,161,1.9600052796838359,0.0,0.4424778761061947
162,9338,162,1.6832724037829654,0.0,0.42424242424242425
163,9403,163,1.4906891586911206,0.0,0.4375
164,9452,164,1.8689789450471772,0.0,0.18518518518518517
165,9493,165,1.3267082756671664,0.0,0.21428571428571427
166,9550,166,3.3322224970017897,0.0,0.27906976744186046
167,9583,167,2.1100738636485765,0.0,0.35294117647058826
168,9632,168,2.606307908858192,0.0,0.35
169,9689,169,0.980300077345138,0.0,0.4
170,9706,170,0.9976751539204269,0.0,0.3333333333333333
171,9731,171,1.2305781782853105,0.0,0.3333333333333333
172,9764,172,0.9589487286229269,0.0,0.0
173,9829,173,1.403163281803704,0.0,0.25
174,9870,174,1.752763243376743,0.0,0.17647058823529413
175,9895,175,1.994847936465715,0.0,0.2222222222222222
176,9944,176,3.509581295942577,0.0,0.20512820512820512
177,10025,177,2.1422785107970994,0.0,0.38
178,10066,178,1.5369938187841328,0.0,0.43478260869565216
179,10107,179,1.1743120897244663,0.0,0.15384615384615385
180,10148,180,1.5793702246024042,0.0,0.14285714285714285
181,10173,181,1.461364161434273,0.0,0.3076923076923077
182,10198,182,1.2866937980071331,0.0,0.14285714285714285
183,10231,183,1.7358945539279376,0.0,0.5
184,10280,184,3.085642668767832,0.0,0.22857142857142856
185,10369,185,2.243213740870613,0.0,0.4533333333333333
186,10394,186,1.257510941075937,0.0,0.4166666666666667
187,10427,187,1.567455619564862,0.0,0.4444444444444444
188,10484,188,2.1280992834619377,0.0,0.20588235294117646
189,10541,189,3.351958355977466,0.0,0.2222222222222222
190,10582,190,2.9464626922456083,0.0,0.3333333333333333
191,10639,191,3.723094247442537,0.0,0.2727272727272727
192,10712,192,2.8959697646130285,0.0,0.3
193,10785,193,1.9296871089496967,0.0,0.38
194,10834,194,0.3924844370169254,0.0,0.16666666666666666
195,10987,195,2.8145308574594368,0.0,0.3829787234042553
196,11052,196,1.7720731711235567,0.0,0.5111111111111111
197,11085,197,1.4191451030084863,0.0,0.4375
198,11142,198,1.9326280051149922,0.0,0.39473684210526316
199,11159,199,1.3862709041591734,0.0,0.2857142857142857
200,11200,200,1.5337312867594886,0.0,0.1111111111111111
201,11273,201,1.655540102075061,0.0,0.4
202,11298,202,2.310427447641268,0.0,0.3333333333333333
203,11323,203,1.1516625857539475,0.0,0.0
204,11348,204,1.430417517617267,0.0,0.25
205,11389,205,2.90243602654757,0.0,0.16
206,11406,206,2.4937816017471777,0.0,0.2
207,11479,207,2.4120693079382183,0.0,0.36363636363636365
208,11504,208,1.5485030814362108,0.0,0.2727272727272727
209,11553,209,3.412504245787471,0.0,0.12903225806451613
210,11586,210,2.6637881429307164,0.0,0.2631578947368421
211,11603,211,0.9571541836136022,0.0,0.6666666666666666
212,11636,212,1.3784604146890342,0.0,0.2727272727272727
213,11669,213,3.332473530698335,0.0,0.24
214,11702,214,2.130274085726123,0.0,0.29411764705882354
215,11743,215,2.299860506164696,0.0,0.39285714285714285
216,11784,216,2.34950627372507,0.0,0.3181818181818182
217,11825,217,1.4943477983768099,0.0,0.2857142857142857
218,11866,218,0.9305591246603581,0.0,0.5
219,11891,219,1.5785596215422264,0.0,0.18181818181818182
220,11956,220,0.6604485264790743,0.0,0.5
221,12253,221,1.0588541352532521,0.0,0.39655172413793105
222,12286,222,3.6176254712534135,0.0,0.12
223,12431,223,2.7383277228942866,0.0,0.3416666666666667
224,12456,224,1.1700085292601337,0.0,0.25
225,12489,225,2.210806847812491,0.0,0.3333333333333333
226,12594,226,1.724070352932098,0.0,0.3548387096774194
227,12635,227,0.9264850914985872,0.0,0.3333333333333333
228,12684,228,0.8361087677069007,0.0,0.47058823529411764
229,12717,229,1.2417984639666975,0.0,0.46153846153846156
230,12742,230,1.7241130871511996,0.0,0.5384615384615384
231,12783,231,1.5069891793965362,0.0,0.29411764705882354
232,12824,232,0.43617543320718694,0.0,0.6923076923076923
233,12977,233,2.5816115374151174,0.0,0.41843971631205673
234,13002,234,2.164487984186659,0.0,0.125
235,13035,235,0.9293598986917642,0.0,0.625
236,13092,236,1.6755723445892468,0.0,0.4444444444444444
237,13125,237,1.5410607155738398,0.0,0.2222222222222222
238,13294,238,1.8690907723254835,0.0,0.38016528925619836
239,13375,239,1.8132950314027838,0.0,0.46153846153846156
240,13416,240,1.3236730162649184,0.0,0.4090909090909091
241,13457,241,2.0053781305616725,0.0,0.375
242,13498,242,0.7843060209092219,0.0,0.6
243,13539,243,1.142553017524304,0.0,0.6086956521739131
244,13564,244,1.6603166143099468,0.0,0.5833333333333334
245,13637,245,1.5823221151228142,0.0,0.48
246,13670,246,0.8598507458902894,0.0,0.45454545454545453
247,13767,247,1.6519554622127421,0.0,0.2857142857142857
248,13808,248,1.8359704859005288,0.0,0.3181818181818182
249,13937,249,2.4130155280182954,0.0,0.36082474226804123
250,14090,250,1.6818379590448258,0.0,0.4778761061946903
251,14123,251,1.4390732786385343,0.0,0.5882352941176471
252,14204,252,2.3853368301333395,0.0,0.4117647058823529
253,14333,253,1.5656816275658412,0.0,0.55
254,14382,254,1.857096465456998,0.0,0.14285714285714285
255,14407,255,1.1023513757258965,0.0,0.6363636363636364
256,14464,256,2.8897383120508415,0.0,0.27906976744186046
257,14513,257,2.028989506210473,0.0,0.2692307692307692
258,14530,258,0.9579521053098142,0.0,0.5714285714285714
259,14715,259,1.0076783392796769,0.0,0.40789473684210525
260,14732,260,0.5648018612436135,0.0,0.6666666666666666
261,14773,261,1.4543731222464702,0.0,0.35294117647058826
262,14862,262,0.8647266572261817,0.0,0.43333333333333335
263,14935,263,1.9859317734131927,0.0,0.4716981132075472
264,14960,264,0.9397137163078877,0.0,0.5454545454545454
265,15033,265,1.326883695217192,0.0,0.5
266,15058,266,1.634591257175986,0.0,0.5384615384615384
267,15155,267,1.6278764003983044,0.0,0.40350877192982454
268,15212,268,1.4443765071426007,0.0,0.4444444444444444
269,15237,269,1.5576162951036043,0.0,0.4375
270,15270,270,0.9437771220864488,0.0,0.5789473684210527
271,15319,271,1.436008612898877,0.0,0.4444444444444444
272,15344,272,1.3144187373714642,0.0,0.6
273,15361,273,2.271143156502803,0.0,0.125
274,15410,274,1.9453797829888448,0.0,0.3181818181818182
275,15443,275,2.258653219830303,0.0,0.15789473684210525
276,15500,276,1.6842892872926285,0.0,0.35294117647058826
277,15573,277,1.9886658274830793,0.0,0.2978723404255319
278,15614,278,1.088115149242105,0.0,0.3333333333333333
279,15623,279,0.8622238747309894,0.0,0.0
280,15664,280,0.8110665551252897,0.0,0.23076923076923078
281,15705,281,1.7296429225001486,0.0,0.2631578947368421
282,15738,282,1.9103751733785612,0.0,0.3181818181818182
283,15851,283,1.9295893358736613,0.0,0.43037974683544306
284,15876,284,0.6749817862529501,0.0,0.6
285,15925,285,2.143949925118025,0.0,0.425
286,16014,286,1.6723329109047667,0.0,0.4857142857142857
287,16039,287,1.0436424860624052,0.0,0.375
288,16256,288,2.0347250486939688,0.0,0.4230769230769231
289,16337,289,1.8385251454885585,0.0,0.4576271186440678
290,16482,290,1.7195251360646397,0.0,0.43
291,16515,291,1.5822682503952819,0.0,0.47058823529411764
292,16548,292,1.8349748813564655,0.0,0.21428571428571427
293,16589,293,0.6934048073473387,0.0,0.5
294,16622,294,1.914371971304554,0.0,0.2727272727272727
295,16663,295,1.5162763475599932,0.0,0.42105263157894735
296,16696,296,1.6205118851619045,0.0,0.5555555555555556
297,16721,297,1.2521244826109614,0.0,0.6428571428571429
298,16778,298,1.221670312111881,0.0,0.5151515151515151
299,16851,299,1.9642049682676506,0.0,0.509090909090909
300,16900,300,1.5179600782178266,0.0,0.4
301,16925,301,0.5510302460354675,0.0,0.6
302,16974,302,2.4695963769613685,0.0,0.5135135135135135
303,16999,303,1.0688229622327101,0.0,0.5384615384615384
304,17048,304,2.164858080577445,0.0,0.3333333333333333
305,17113,305,1.454012048183995,0.0,0.6
306,17138,306,1.5873365943669342,0.0,0.3333333333333333
307,17195,307,0.31097208917305186,0.0,0.7647058823529411
308,17236,308,1.5293614685377106,0.0,0.2857142857142857
309,17293,309,1.600864288310487,0.0,0.4444444444444444
310,17358,310,1.1628054235198306,0.0,0.2916666666666667
311,17599,311,2.3523592085866243,0.0,0.42152466367713004
312,17688,312,1.5017154152381542,0.0,0.43478260869565216
313,17753,313,1.0492492993290852,0.0,0.45454545454545453
314,17770,314,0.7234773999266326,0.0,0.0
315,17803,315,2.0270156663252417,0.0,0.38095238095238093
316,17868,316,1.552207844804234,0.0,0.3783783783783784
317,17893,317,0.33640434888906984,0.0,0.5
318,17910,318,2.156539865627419,0.0,0.3
319,17983,319,2.821789603629473,0.0,0.3770491803278688
320,18056,320,2.4861812870897766,0.0,0.4
321,18073,321,1.3668089819699527,0.0,0.3333333333333333
322,18122,322,0.24278591088562587,0.0,0.6666666666666666
323,18171,323,0.6643086261216862,0.0,0.47058823529411764
324,18212,324,0.7982423433221412,0.0,0.6666666666666666
325,18293,325,0.9055969424170517,0.0,0.4838709677419355
326,18526,326,0.9186470736994338,0.0,0.751412429378531
327,18567,327,0.8276760396289173,0.0,0.5909090909090909
328,18584,328,0.4634343649003131,0.0,0.4
329,18625,329,0.9267688176173252,0.0,0.3076923076923077
330,18650,330,2.1659053342280576,0.0,0.5
331,18699,331,1.4680963182550717,0.0,0.4
332,18764,332,0.5322072577632844,0.0,0.6428571428571429
333,18797,333,0.2220260004960619,0.0,0.3333333333333333
334,18822,334,1.0197156133099148,0.0,0.5
335,18871,335,2.702309195506775,0.0,0.22580645161290322
336,18944,336,2.436878671917404,0.0,0.30612244897959184
337,19017,337,1.507620801161918,0.0,0.3888888888888889
338,19058,338,2.2483694186501673,0.0,0.36
339,19115,339,2.26120509908256,0.0,0.46511627906976744
340,19180,340,0.9309881729894153,0.0,0.3333333333333333
341,19301,341,2.134252251299098,0.0,0.5137614678899083
342,19374,342,2.5110086223870325,0.0,0.27906976744186046
343,19479,343,0.8034900895124547,0.0,0.4473684210526316
344,19520,344,1.4461749549925154,0.0,0.47619047619047616
345,19569,345,2.7505857694017077,0.0,0.2857142857142857
346,19674,346,2.9683334640256587,0.0,0.39361702127659576
347,19707,347,2.8566057114917203,0.0,0.24
348,19868,348,2.7161365340238555,0.0,0.4375
349,19901,349,1.3708867691065825,0.0,0.4375
350,19950,350,1.7143046279596938,0.0,0.25
351,20079,351,2.5736947894274453,0.0,0.3813559322033898
352,20120,352,2.2761580022927954,0.0,0.4166666666666667
353,20177,353,2.2069408669337123,0.0,0.3333333333333333
354,20202,354,2.6241704498029623,0.0,0.16666666666666666
355,20283,355,2.496034941162165,0.0,0.4142857142857143
356,20340,356,2.936079567467012,0.0,0.375
357,20365,357,1.6017903184194193,0.0,0.3333333333333333
358,20430,358,1.8092897030120367,0.0,0.5098039215686274
359,20471,359,0.6665645355471643,0.0,0.5
360,20536,360,1.6599937402394425,0.0,0.4
361,20609,361,1.6119064641458114,0.0,0.3902439024390244
362,20698,362,1.9505545333841523,0.0,0.5333333333333333
363,20723,363,2.2592331274576036,0.0,0.6111111111111112
364,20780,364,2.6943794528770795,0.0,0.36585365853658536
365,20821,365,1.4180559722464168,0.0,0.5862068965517241
366,20862,366,0.6830439618111704,0.0,0.6111111111111112
367,20911,367,1.6274658202764112,0.0,0.3
368,20976,368,1.097690138123362,0.0,0.5
369,21033,369,2.2871856373214228,0.0,0.37142857142857144
370,21098,370,2.7406216151994385,0.0,0.27906976744186046
371,21131,371,0.7453310541222891,0.0,0.16666666666666666
372,21164,372,1.07382465356146,0.0,0.3
373,21197,373,1.6439691386514461,0.0,0.5555555555555556
374,21350,374,1.8441080315498977,0.0,0.44339622641509435
375,21383,375,0.9574740671642212,0.0,0.4444444444444444
376,21432,376,1.216806846983527,0.0,0.5666666666666667
377,21481,377,1.8831470121010352,0.0,0.42857142857142855
378,21546,378,2.326108101599848,0.0,0.3333333333333333
379,21603,379,0.729047889808935,0.0,0.4
380,21628,380,0.7895006988810686,0.0,0.25
381,21701,381,0.7785741806598606,0.0,0.3333333333333333
382,21782,382,1.7037644711267639,0.0,0.42
383,21815,383,1.6824477122357349,0.0,0.16666666666666666
384,21872,384,2.053870544841214,0.0,0.40625
385,21889,385,1.7920529728458496,0.0,0.5
386,21994,386,1.4807123599854934,0.0,0.45161290322580644
387,22035,387,1.9239898399721136,0.0,0.5
388,22068,388,2.094968265654752,0.0,0.42857142857142855
389,22101,389,2.043990462058282,0.0,0.35
390,22150,390,1.0368452704168218,0.0,0.5714285714285714
391,22223,391,1.1385347457750623,0.0,0.3103448275862069
392,22304,392,2.609319741858199,0.0,0.3709677419354839
393,22361,393,1.2663254528642363,0.0,0.4482758620689655
394,22402,394,1.1142766277861376,0.0,0.42857142857142855
395,22451,395,2.0436633199550363,0.0,0.21739130434782608
396,22492,396,1.584716710216366,0.0,0.43333333333333335
397,22517,397,1.087539204416486,0.0,0.0
398,22542,398,0.37838633155062174,0.0,0.5714285714285714
399,22583,399,0.7268410269627348,0.0,0.5
400,22624,400,1.1278350791539997,0.0,0.2222222222222222
401,22721,401,1.7347081236421946,0.0,0.40350877192982454
402,22746,402,0.8371988344819934,0.0,0.5833333333333334
403,22787,403,1.110050607604906,0.0,0.35714285714285715
404,22852,404,2.002728944720948,0.0,0.24324324324324326
405,22909,405,1.5788391232852155,0.0,0.4473684210526316
406,23054,406,2.4836673681884873,0.0,0.31666666666666665
407,23111,407,1.9707737959235339,0.0,0.425
408,23168,408,0.7031256938391639,0.0,0.6190476190476191
409,23185,409,1.2885504339751788,0.0,0.3333333333333333
410,23226,410,2.2605633439205124,0.0,0.28
411,23259,411,1.3619013995956628,0.0,0.3333333333333333
412,23340,412,1.5556659957239172,0.0,0.47540983606557374
413,23365,413,0.9946286860508069,0.0,0.14285714285714285
414,23406,414,2.73123843793897,0.0,0.36666666666666664
415,23447,415,2.332331914705923,0.0,0.32
416,23496,416,3.0528092977715033,0.0,0.3333333333333333
417,23529,417,1.1831040587922326,0.0,0.6470588235294118
418,23554,418,0.4252064948394521,0.0,0.3333333333333333
419,23587,419,1.260388094408845,0.0,0.21428571428571427
420,23620,420,2.187692218060256,0.0,0.3157894736842105
421,23677,421,2.9759236914747658,0.0,0.29545454545454547
422,23702,422,0.863358402813125,0.0,0.0
423,23727,423,0.833830905567156,0.0,0.5
424,23752,424,1.2199693201994521,0.0,0.46153846153846156
425,23769,425,2.2183820499139983,0.0,0.4
426,23810,426,0.8489564733948811,0.0,0.42857142857142855
427,23835,427,0.3296379471409212,0.0,0.75
428,23876,428,2.4426877640305324,0.0,0.3333333333333333
429,23949,429,2.204895252150147,0.0,0.3953488372093023
430,24006,430,1.2806780006314509,0.0,0.48484848484848486
431,24063,431,2.9119259217486246,0.0,0.3111111111111111
432,24112,432,1.4616584192744586,0.0,0.5652173913043478
433,24129,433,1.5017134208895733,0.0,0.42857142857142855
434,24178,434,2.2810368751303756,0.0,0.2903225806451613
435,24203,435,0.8705583426294227,0.0,0.5555555555555556
436,24268,436,1.8898358056214555,0.0,0.4090909090909091
437,24301,437,1.0699850224233525,0.0,0.625
438,24334,438,1.6472265256242826,0.0,0.3157894736842105
439,24383,439,2.066442754724606,0.0,0.35294117647058826
440,24400,440,1.4879145842278376,0.0,0.0
441,24513,441,1.8570901114322595,0.0,0.4461538461538462
442,24546,442,3.0807298478711163,0.0,0.2
443,24571,443,0.7725727162902087,0.0,0.4444444444444444
444,24636,444,1.5788936483143334,0.0,0.4634146341463415
445,24669,445,1.2431637358391892,0.0,0.14285714285714285
446,24694,446,0.903949048111681,0.0,0.7857142857142857
447,24743,447,0.8203801137344755,0.0,0.4375
448,24792,448,1.7727963829927287,0.0,0.34615384615384615
449,24833,449,1.1294853141153,0.0,0.21428571428571427
450,24882,450,2.1089949135069035,0.0,0.32142857142857145
451,24915,451,1.4726951859210384,0.0,0.35
452,25212,452,0.9292569104942106,0.0,0.47413793103448276
453,25237,453,1.7869203228363766,0.0,0.3333333333333333
454,25270,454,1.199332148450594,0.0,0.4444444444444444
455,25303,455,1.0519036735239207,0.0,0.6666666666666666
456,25368,456,2.4020371416844863,0.0,0.38461538461538464
457,25409,457,1.6538854329296158,0.0,0.4
458,25458,458,2.0576327660531386,0.0,0.5675675675675675
459,25491,459,1.170593374928576,0.0,0.4444444444444444
460,25540,460,0.5962645319043318,0.0,0.4375
461,25581,461,0.5850726689043223,0.0,0.7333333333333333
462,25630,462,2.559162737189326,0.0,0.3333333333333333
463,25679,463,1.7021132430931902,0.0,0.3548387096774194
464,25728,464,1.5289841050238464,0.0,0.4090909090909091
465,25761,465,1.2703960914965138,0.0,0.4444444444444444
466,25834,466,1.2383071551435891,0.0,0.5609756097560976
467,25883,467,2.363286235029033,0.0,0.37142857142857144
468,25932,468,0.6886440832618033,0.0,0.6190476190476191
469,25981,469,1.702047749667063,0.0,0.3076923076923077
470,26022,470,1.6288125152126889,0.0,0.44
471,26095,471,1.9678111333703825,0.0,0.45
472,26336,472,2.133779968328253,0.0,0.484304932735426
473,26361,473,1.7729222989978735,0.0,0.3333333333333333
474,26426,474,1.5247897368431949,0.0,0.4864864864864865
475,26523,475,1.280208939400427,0.0,0.45614035087719296
476,26588,476,1.1196749419022671,0.0,0.525
477,26621,477,1.6048304705480405,0.0,0.38095238095238093
478,26670,478,1.4993979968674342,0.0,0.5294117647058824
479,26775,479,0.5818714568135056,0.0,0.6052631578947368
480,26800,480,1.225214481508883,0.0,0.46153846153846156
481,26849,481,1.0265630571751778,0.0,0.44
482,26906,482,2.4468369740858074,0.0,0.3409090909090909
483,26987,483,1.6153303016417562,0.0,0.4230769230769231
484,27028,484,0.7143549250488287,0.0,0.7857142857142857
485,27101,485,1.0413760659517397,0.0,0.55
486,27142,486,1.8995090169957842,0.0,0.5
487,27183,487,0.953581057366413,0.0,0.45454545454545453
488,27208,488,0.6290649076694778,0.0,0.6153846153846154
489,27249,489,1.2168186643270893,0.0,0.47368421052631576
490,27282,490,0.4319483113440219,0.0,0.8125
491,27347,491,0.6351638531667141,0.0,0.696969696969697
492,27412,492,1.4554003600220016,0.0,0.5
493,27445,493,1.4475660287918437,0.0,0.47368421052631576
494,27494,494,1.3131640958494,0.0,0.45
495,27511,495,0.3850258800102165,0.0,0.5
496,27552,496,0.5209752491339378,0.0,0.6428571428571429
497,27705,497,1.3944548732905222,0.0,0.5309734513274337
498,27778,498,2.0881270986568574,0.0,0.4186046511627907
499,27835,499,0.896338653368626,0.0,0.5517241379310345
500,27860,500,0.3916905874122555,0.0,0.8571428571428571
501,27877,501,2.2860244521027564,0.0,0.25
502,27894,502,0.31917886324954453,0.0,0.8333333333333334
503,27927,503,0.5968622595688794,0.0,0.8
504,27976,504,0.8508049314982842,0.0,0.7
505,28017,505,0.8954999037586749,0.0,0.6896551724137931
506,28050,506,1.3577816221343573,0.0,0.4090909090909091
507,28083,507,0.6933464342536172,0.0,0.7058823529411765
508,28116,508,0.14264327533093818,0.0,0.3333333333333333
509,28165,509,1.5035843828963698,0.0,0.30434782608695654
510,28214,510,1.3160715090486579,0.0,0.4642857142857143
511,28295,511,1.2436540434726777,0.0,0.52
512,28352,512,0.1527335509800215,0.0,0.7647058823529411
513,28409,513,0.8027173777806456,0.0,0.6363636363636364
514,28466,514,1.2881566069716557,0.0,0.5
515,28763,515,0.7653698166452474,0.0,0.5172413793103449
516,28812,516,0.13722425147483588,0.0,0.8333333333333334
517,28837,517,0.7468340133688313,0.0,0.7
518,28870,518,1.0250988315238283,0.0,0.6111111111111112
519,28943,519,1.704909465809097,0.0,0.4909090909090909
520,29000,520,2.40679041449506,0.0,0.3953488372093023
521,29097,521,1.318116229873655,0.0,0.45614035087719296
522,29154,522,1.231022858294541,0.0,0.631578947368421
523,29179,523,0.3381506619528712,0.0,0.75
524,29204,524,1.7521309562135017,0.0,0.7222222222222222
525,29245,525,0.4275908524086699,0.0,0.8
526,29270,526,0.10982900352391879,1.0,1.0
527,29279,527,0.47560053230379706,0.0,0.6666666666666666
528,29336,528,1.9071989308688664,0.0,0.42857142857142855
529,29465,529,1.2769322558178182,0.0,0.59
530,29618,530,1.5433694906737907,0.0,0.5188679245283019
531,29659,531,0.2515011355713068,0.0,0.7692307692307693
532,29748,532,1.1495369089174414,0.0,0.43478260869565216
533,29773,533,0.3260020348739393,0.0,0.9
534,29806,534,1.4560198243029299,0.0,0.5263157894736842
535,29863,535,0.44199241747238505,0.0,0.7142857142857143
536,29888,536,0.6306464048397417,0.0,0.5714285714285714
537,29929,537,1.8012083006611612,0.0,0.4
538,30002,538,1.6051645772807062,0.0,0.3617021276595745
539,30123,539,1.779290891382442,0.0,0.5688073394495413
540,30164,540,1.4238946422100853,0.0,0.5357142857142857
541,30189,541,0.4466473627680292,0.0,0.5555555555555556
542,30222,542,0.8112364834681648,0.0,0.625
543,30271,543,1.0949416144545139,0.0,0.5652173913043478
544,30304,544,1.0291104217228713,0.0,0.5789473684210527
545,30369,545,1.2867003732672582,0.0,0.4864864864864865
546,30426,546,1.252991841511123,0.0,0.5555555555555556
547,30459,547,0.8825793104975309,0.0,0.14285714285714285
548,30532,548,2.282721849076463,0.0,0.47540983606557374
549,30645,549,1.5847226349423622,0.0,0.4810126582278481
550,30710,550,0.7320050891593746,0.0,0.5625
551,30783,551,1.503633411592471,0.0,0.5660377358490566
552,30824,552,0.5209201589536387,0.0,0.8181818181818182
553,30953,553,2.256793483478177,0.0,0.4491525423728814
554,31042,554,1.439085665291206,0.0,0.5428571428571428
555,31067,555,0.6905800336545023,0.0,0.5
556,31084,556,0.837161712020752,0.0,0.6
557,31109,557,0.7312021595635452,0.0,0.7857142857142857
558,31134,558,0.8790608201461145,0.0,0.8333333333333334
559,31159,559,0.7975656070528202,0.0,0.3333333333333333
560,31216,560,2.314664454023618,0.0,0.4444444444444444
561,31273,561,1.875212260215256,0.0,0.5581395348837209
562,31314,562,0.5195151261763823,0.0,0.6
563,31387,563,0.4658098584603673,0.0,0.47619047619047616
564,31460,564,2.0097099055725582,0.0,0.3673469387755102
565,31509,565,1.2076202875736817,0.0,0.4444444444444444
566,31550,566,0.777765095597948,0.0,0.3333333333333333
567,31583,567,0.8490282959806792,0.0,0.6
568,31624,568,1.1653511199505302,0.0,0.35294117647058826
569,31665,569,0.43120496132620617,0.0,0.7142857142857143
570,31754,570,1.5620163323796552,0.0,0.5333333333333333
571,31811,571,1.5052170574273624,0.0,0.575
572,31876,572,2.264458867663607,0.0,0.3488372093023256
573,31909,573,0.6524626968763277,0.0,0.6666666666666666
574,31958,574,1.3047331694539905,0.0,0.46153846153846156
575,32007,575,1.6593674985925706,0.0,0.32142857142857145
576,32064,576,0.35531468758428214,0.0,0.8
577,32121,577,0.8502704890141156,0.0,0.6666666666666666
578,32290,578,1.5542772607537194,0.0,0.4793388429752066
579,32315,579,1.2599851285932042,0.0,0.5
580,32372,580,0.9722275969287179,0.0,0.5833333333333334
581,32437,581,0.6368064468355683,0.0,0.48148148148148145
582,32534,582,1.3385214564375625,0.0,0.38095238095238093
583,32607,583,1.340625926833052,0.0,0.5
584,32736,584,2.077505319460524,0.0,0.38144329896907214
585,32753,585,0.876377227246885,0.0,0.6
586,32786,586,1.5713697099292767,0.0,0.4
587,32939,587,2.261059017773775,0.0,0.4397163120567376
588,32964,588,0.8678370996812979,0.0,0.5454545454545454
589,33045,589,2.10154454551765,0.0,0.45714285714285713
590,33086,590,1.6040201741539641,0.0,0.4166666666666667
591,33127,591,1.5654742242194626,0.0,0.5833333333333334
592,33144,592,0.8412914827259373,0.0,0.7142857142857143
593,33193,593,1.3441433158018725,0.0,0.3333333333333333
594,33218,594,0.587498862719173,0.0,0.7272727272727273
595,33243,595,1.6334083345258235,0.0,0.6111111111111112
596,33276,596,0.406857858888834,0.0,0.5
597,33421,597,2.0965328739813653,0.0,0.4
598,33454,598,0.5886895999207628,0.0,0.45454545454545453
599,33479,599,0.6191786653458257,0.0,0.625
600,33512,600,0.9462505622886237,0.0,0.6
601,33553,601,0.3242760667848634,0.0,0.8333333333333334
602,33594,602,0.714873425583588,0.0,0.6521739130434783
603,33619,603,0.7074796666624025,0.0,0.7692307692307693
604,33676,604,2.147365966683345,0.0,0.4878048780487805
605,33733,605,1.6309850682690856,0.0,0.3888888888888889
606,33758,606,1.2421955783856293,0.0,0.6923076923076923
607,33799,607,1.13283349464614,0.0,0.5714285714285714
608,33816,608,0.8595478463775362,0.0,0.5555555555555556
609,33841,609,0.41998892163890217,0.0,0.75
610,33874,610,0.5564812649618927,0.0,0.7894736842105263
611,33947,611,0.7275062717517337,0.0,0.5517241379310345
612,33980,612,0.6938167613427504,0.0,0.7142857142857143
613,34013,613,0.4627603308054677,0.0,0.8
614,34086,614,1.2525205721441972,0.0,0.3888888888888889
615,34151,615,0.8332679701546999,0.0,0.4583333333333333
616,34232,616,1.8656036423011686,0.0,0.5
617,34265,617,1.0970076225828598,0.0,0.7058823529411765
618,34298,618,1.2524011103092199,0.0,0.3333333333333333
619,34379,619,0.49564220889840593,0.0,0.7096774193548387
620,34420,620,0.9890172578728524,0.0,0.4117647058823529
621,34445,621,0.41975161679147277,0.0,0.7777777777777778
622,34478,622,1.17124524864259,0.0,0.5909090909090909
623,34519,623,0.776785413976686,0.0,0.5714285714285714
624,34568,624,2.3632824147915743,0.0,0.2903225806451613
625,34593,625,0.12909388310202,1.0,1.0
626,34658,626,0.3478486999276086,0.0,0.7857142857142857
627,34739,627,1.1605408087057296,0.0,0.5737704918032787
628,34956,628,1.7726511604412079,0.0,0.4807692307692308
629,35037,629,1.3715721713198075,0.0,0.559322033898305
630,35110,630,1.710875943928129,0.0,0.46511627906976744
631,35295,631,0.7959692827091138,0.0,0.5131578947368421
632,35312,632,1.2888453262441182,0.0,0.5
633,35337,633,0.9088923225143419,0.0,0.4444444444444444
634,35378,634,1.0348541561679159,0.0,0.5666666666666667
635,35467,635,0.6292418284882977,0.0,0.5333333333333333
636,35572,636,2.572923252728092,0.0,0.40425531914893614
637,35621,637,1.6203354106397498,0.0,0.475
638,35646,638,0.47319553890158805,0.0,0.3333333333333333
639,35751,639,1.0862140207065891,0.0,0.5483870967741935
640,35832,640,2.0747879098198356,0.0,0.3870967741935484
641,35881,641,0.7964196546592089,0.0,0.5666666666666667
642,35914,642,1.3403873574375211,0.0,0.47619047619047616
643,36147,643,0.7320503916113963,0.0,0.8022598870056498
644,36188,644,0.6476667622064124,0.0,0.42857142857142855
645,36221,645,0.681487532525498,0.0,0.75
646,36262,646,0.3376694092104444,0.0,0.8461538461538461
647,36303,647,0.3645011023352054,0.0,0.7222222222222222
648,36328,648,0.8790090354909867,0.0,0.5555555555555556
649,36489,649,2.597616710194367,0.0,0.4513888888888889
650,36514,650,0.27553722845401657,0.0,0.8
651,36539,651,0.13811609009649448,0.0,0.8571428571428571
652,36604,652,2.111812503403562,0.0,0.4423076923076923
653,36645,653,1.2960014833824243,0.0,0.47368421052631576
654,36686,654,1.7567637847654263,0.0,0.44
655,36727,655,0.47728947228757906,0.0,0.5384615384615384
656,36752,656,1.5494247582019307,0.0,0.25
657,36817,657,1.9110914567053527,0.0,0.37777777777777777
658,36850,658,2.0737709535049724,0.0,0.52
659,36867,659,1.3329195457121386,0.0,0.5
660,36980,660,1.5590460369686332,0.0,0.49230769230769234
661,36997,661,0.5941689134476473,0.0,0.42857142857142855
662,37062,662,1.3398338723410235,0.0,0.5365853658536586
663,37095,663,1.1941326199265314,0.0,0.42857142857142855
664,37128,664,0.935634686537378,0.0,0.7647058823529411
665,37177,665,0.4469117188972814,0.0,0.5882352941176471
666,37210,666,0.8551977170318423,0.0,0.46153846153846156
667,37243,667,2.4597127491371067,0.0,0.36
668,37284,668,1.488917485749349,0.0,0.4090909090909091
669,37429,669,1.452872366258943,0.0,0.5
670,37486,670,1.1587380851702151,0.0,0.5555555555555556
671,37511,671,1.0053322510248592,0.0,0.625
672,37552,672,0.6619349697057624,0.0,0.5555555555555556
673,37569,673,0.2999870562802243,0.0,0.8
674,37626,674,2.373679591969994,0.0,0.375
675,37651,675,0.12122489833220848,0.0,0.6666666666666666
676,37676,676,0.47766347541434995,0.0,0.5
677,37741,677,1.1645033944699617,0.0,0.6222222222222222
678,37806,678,1.4812497368324444,0.0,0.5294117647058824
679,37839,679,0.7171379087690002,0.0,0.5555555555555556
680,37888,680,1.8353066306002073,0.0,0.45454545454545453
681,37937,681,1.2172347039405211,0.0,0.4166666666666667
682,37994,682,1.4804446681699897,0.0,0.375
683,38035,683,0.9653309711893091,0.0,0.47619047619047616
684,38052,684,0.40742419216956477,0.0,0.3333333333333333
685,38077,685,0.44584359026240233,0.0,0.8
686,38118,686,0.8908150954132434,0.0,0.5238095238095238
687,38167,687,1.9131998638282917,0.0,0.45714285714285713
688,38224,688,1.930071127646466,0.0,0.4418604651162791
689,38337,689,1.2874527302814711,0.0,0.569620253164557
690,38402,690,0.9749464903846274,0.0,0.4864864864864865
691,38443,691,1.2114567486719463,0.0,0.5416666666666666
692,38460,692,0.4466046117770748,0.0,0.9
693,38549,693,1.1765836144968125,0.0,0.5571428571428572
694,38574,694,0.2648845712272062,0.0,0.8888888888888888
695,38639,695,0.7619913381782316,0.0,0.725
696,38696,696,0.9437728351836683,0.0,0.6388888888888888
697,38745,697,0.9362954617729975,0.0,0.5769230769230769
698,38770,698,0.45198967049907274,0.0,0.8333333333333334
699,38811,699,1.0561428139531817,0.0,0.7142857142857143
700,38844,700,0.8517866626337491,0.0,0.6818181818181818
701,38917,701,1.2026403199007796,0.0,0.6909090909090909
702,38942,702,0.4169515220665683,0.0,0.7692307692307693
703,39047,703,2.298304499772967,0.0,0.48936170212765956
704,39096,704,1.1733773388818372,0.0,0.4642857142857143
705,39153,705,0.8210904415837388,0.0,0.7222222222222222
706,39394,706,1.8401048696793607,0.0,0.5291479820627802
707,39427,707,0.4746401139513182,0.0,0.8125
708,39444,708,0.568992614873423,0.0,0.8
709,39525,709,1.4733531901215902,0.0,0.6029411764705882
710,39558,710,0.35386170429496816,0.0,0.8333333333333334
711,39591,711,0.5350036040417763,0.0,0.7777777777777778
712,39664,712,1.7376319993063265,0.0,0.5245901639344263
713,39689,713,0.3257705032061009,0.0,0.7142857142857143
714,39722,714,0.8622603778624398,0.0,0.7894736842105263
715,39763,715,0.4988518839143772,0.0,0.8275862068965517
716,39796,716,0.3332386439293623,0.0,0.8666666666666667
717,39821,717,0.44950730080987944,0.0,0.6666666666666666
718,39878,718,0.21243759369175158,0.0,0.9047619047619048
719,39975,719,1.002068896259769,0.0,0.5238095238095238
720,40040,720,0.6272992769832001,0.0,0.6666666666666666
721,40113,721,0.9552644257218329,0.0,0.6388888888888888
722,40138,722,0.944815345569209,0.0,0.7222222222222222
723,40163,723,0.21356890635176873,1.0,1.0
724,40212,724,0.9184291287926802,0.0,0.5217391304347826
725,40253,725,0.3635094854683848,0.0,0.8571428571428571
726,40278,726,0.4358059115655487,0.0,0.8181818181818182
727,40295,727,1.2968266309015597,0.0,0.5
728,40344,728,2.042481937393216,0.0,0.5128205128205128
729,40409,729,0.48249003618886344,0.0,0.75
730,40458,730,0.5785095173260871,0.0,0.7391304347826086
731,40579,731,1.3890253265341153,0.0,0.6697247706422018
732,40660,732,0.822167325103992,0.0,0.74
733,40717,733,1.6320777007527691,0.0,0.5365853658536586
734,40758,734,0.1452655793351005,1.0,1.0
735,40799,735,0.2517913805319986,0.0,0.9333333333333333
736,40832,736,2.0927938477943826,0.0,0.36
737,40881,737,1.0245380107027933,0.0,0.5833333333333334
738,40914,738,0.6023422620208294,0.0,0.85
739,40987,739,1.2055239741559645,0.0,0.48936170212765956
740,41012,740,0.23559307754272596,0.0,0.9
741,41045,741,0.14085746378943442,0.0,0.9
742,41070,742,0.7060542343682996,0.0,0.6923076923076923
743,41151,743,0.2942451640092277,0.0,0.7741935483870968
744,41192,744,0.19590031005197672,0.0,0.9545454545454546
745,41321,745,0.9940413117048905,0.0,0.61
746,41378,746,2.0439188372222374,0.0,0.5
747,41435,747,0.5601078266521953,0.0,0.7272727272727273
748,41468,748,0.4754911797704699,0.0,0.8125
749,41493,749,0.1538121737136195,0.0,0.6666666666666666
750,41526,750,1.5531791013817564,0.0,0.6
751,41599,751,1.4158142578381112,0.0,0.5833333333333334
752,41624,752,0.10776519817417769,0.0,0.9
753,41681,753,1.132814183044532,0.0,0.5
754,41698,754,0.2886293617618503,0.0,0.8
755,41723,755,0.6898447550896283,0.0,0.6666666666666666
756,41780,756,1.8804725313112636,0.0,0.3181818181818182
757,41869,757,1.1970389933467414,0.0,0.6666666666666666
758,41926,758,0.5548941113176988,0.0,0.6896551724137931
759,41967,759,0.8497512446282489,0.0,0.5882352941176471
760,42008,760,0.7242812159880705,0.0,0.6842105263157895
761,42041,761,0.3442160118805538,0.0,0.8947368421052632
762,42074,762,0.8394534119512537,0.0,0.5
763,42115,763,1.1041152422259912,0.0,0.64
764,42172,764,0.07372522397558506,0.0,0.9411764705882353
765,42245,765,1.033634576644731,0.0,0.58
766,42278,766,0.8870460336581891,0.0,0.6190476190476191
767,42311,767,0.5108754674263765,0.0,0.6153846153846154
768,42416,768,0.35116662152663874,0.0,0.8157894736842105
769,42449,769,0.8718945222532056,0.0,0.5
770,42474,770,0.8811528362197956,0.0,0.6666666666666666
771,42507,771,0.7706322055072332,0.0,0.6363636363636364
772,42524,772,0.730079273534102,0.0,0.6
773,42573,773,1.9389771774710804,0.0,0.3548387096774194
774,42606,774,0.7382387326168828,0.0,0.8235294117647058
775,42695,775,0.820325653073335,0.0,0.5652173913043478
776,42752,776,0.1584033678662042,0.0,0.9
777,42769,777,0.2914902255227207,0.0,0.8571428571428571
778,42834,778,0.23249401294385505,0.0,0.8571428571428571
779,42891,779,0.6874132168614734,0.0,0.6944444444444444
780,42940,780,1.2637944869175286,0.0,0.5483870967741935
781,43005,781,0.9698244426162097,0.0,0.6222222222222222
782,43094,782,0.4329598722138758,0.0,0.6666666666666666
783,43127,783,0.04871502449052059,1.0,1.0
784,43160,784,0.5657968777688802,0.0,0.7368421052631579
785,43193,785,0.9784476049157093,0.0,0.7
786,43226,786,0.08494182411537622,1.0,1.0
787,43259,787,0.7112624707925715,0.0,0.7647058823529411
788,43292,788,0.3491354743595002,0.0,0.7857142857142857
789,43341,789,1.7823329814665976,0.0,0.48484848484848486
790,43382,790,1.1885381604083323,0.0,0.6
791,43407,791,0.6025711470827809,0.0,0.75
792,43440,792,0.9099037271397538,0.0,0.6842105263157895
793,43513,793,1.1220845717570935,0.0,0.5849056603773585
794,43538,794,0.03567298613674211,1.0,1.0
795,43635,795,0.8373828425828954,0.0,0.6842105263157895
796,43700,796,1.8691877628800284,0.0,0.46153846153846156
797,43845,797,1.7806951909778501,0.0,0.475
798,43926,798,0.9524117163640441,0.0,0.6779661016949152
799,43951,799,0.1988799331711516,0.0,0.75
800,43976,800,1.1442370740981822,0.0,0.8333333333333334
801,44041,801,1.1332319986321426,0.0,0.5945945945945946
802,44058,802,0.5787075738917338,0.0,0.6666666666666666
803,44091,803,0.3956598822807428,0.0,0.7333333333333333
804,44236,804,1.299870971686315,0.0,0.53
805,44285,805,0.05981446119461907,1.0,1.0
806,44350,806,1.1012700247236398,0.0,0.6136363636363636
807,44407,807,1.2273388207574627,0.0,0.5714285714285714
808,44464,808,0.45599884908417665,0.0,0.8484848484848485
809,44505,809,0.3905243244684534,0.0,0.5833333333333334
810,44554,810,0.3065594158243584,0.0,0.7058823529411765
811,44627,811,1.371107770699859,0.0,0.5813953488372093
812,44788,812,2.4709505151329334,0.0,0.4722222222222222
813,44845,813,1.208735185940064,0.0,0.5625
814,44878,814,0.525988920549753,0.0,0.5555555555555556
815,44903,815,1.060883517100204,0.0,0.25
816,44928,816,0.10694492550565277,1.0,1.0
817,44985,817,0.7930478927087041,0.0,0.6470588235294118
818,45010,818,0.1411568253331158,0.0,0.8888888888888888
819,45043,819,0.601433958618145,0.0,0.5555555555555556
820,45124,820,0.8194878657664959,0.0,0.6229508196721312
821,45157,821,0.8017871217725769,0.0,0.6666666666666666
822,45174,822,0.09266202848681132,1.0,1.0
823,45199,823,0.054924256891627006,1.0,1.0
824,45240,824,0.4158327523114858,0.0,0.7222222222222222
825,45273,825,0.21774036258182605,0.0,0.8181818181818182
826,45322,826,0.3478331251540203,0.0,0.8095238095238095
827,45403,827,1.7287930706047776,0.0,0.5
828,45484,828,1.3356970596928042,0.0,0.46153846153846156
829,45533,829,1.5284343034487513,0.0,0.6216216216216216
830,45558,830,0.08067582447760893,1.0,1.0
831,45591,831,0.4561480655382911,0.0,0.42857142857142855
832,45824,832,0.6435606054323236,0.0,0.8305084745762712
833,45865,833,0.2913803754226847,0.0,0.8571428571428571
834,45906,834,1.203604854704172,0.0,0.6666666666666666
835,45939,835,0.9053638511117788,0.0,0.7142857142857143
836,45988,836,0.792048373277136,0.0,0.6296296296296297
837,46013,837,0.028446312750844905,1.0,1.0
838,46070,838,1.4388806672208867,0.0,0.6046511627906976
839,46103,839,0.24949646695026784,0.0,0.6666666666666666
840,46152,840,0.47898018964971617,0.0,0.8
841,46217,841,1.6658146470506172,0.0,0.4666666666666667
842,46242,842,0.6518260595360668,0.0,0.6923076923076923
843,46291,843,0.659395596454633,0.0,0.56
844,46332,844,1.1166132230855292,0.0,0.5
845,46373,845,0.14270352004643064,1.0,1.0
846,46398,846,0.23123579561050672,1.0,1.0
847,46471,847,0.46109060747518416,0.0,0.6551724137931034
848,46520,848,0.9047999418704906,0.0,0.47619047619047616
849,46673,849,1.1970736643154334,0.0,0.6509433962264151
850,46722,850,0.8429847740910434,0.0,0.7
851,46763,851,1.4519314799055356,0.0,0.6
852,46860,852,0.9468326402228923,0.0,0.6491228070175439
853,46869,853,0.1061460388544947,1.0,1.0
854,46934,854,0.2956706984665607,0.0,0.8484848484848485
855,47063,855,1.8275394929972755,0.0,0.4536082474226804
856,47112,856,0.4925249577408491,0.0,0.8333333333333334
857,47281,857,1.275762159667266,0.0,0.5619834710743802
858,47466,858,0.6708647437206072,0.0,0.6052631578947368
859,47523,859,0.8258237946441348,0.0,0.7105263157894737
860,47540,860,0.17719065857367242,0.0,0.8
861,47581,861,0.9980794203065234,0.0,0.6666666666666666
862,47654,862,1.711124657322499,0.0,0.46511627906976744
863,47695,863,0.14546474449534436,0.0,0.9166666666666666
864,47760,864,1.2928957554341265,0.0,0.5882352941176471
865,47801,865,1.2027857658952108,0.0,0.6333333333333333
866,47874,866,0.22725834236964726,0.0,0.8571428571428571
867,47915,867,0.18389809232494736,0.0,0.9444444444444444
868,47940,868,0.17135273460743217,1.0,1.0
869,47997,869,1.190722922975939,0.0,0.65
870,48046,870,0.32750579561949805,0.0,0.75
871,48087,871,0.16836113949184073,0.0,0.9
872,48152,872,1.9167285942430043,0.0,0.37209302325581395
873,48193,873,0.423781734655275,0.0,0.8636363636363636
874,48250,874,1.7995122544714701,0.0,0.4888888888888889
875,48299,875,0.8218723321385915,0.0,0.5357142857142857
876,48348,876,1.271411336658049,0.0,0.5
877,48389,877,0.774426189053731,0.0,0.6190476190476191
878,48470,878,1.7346188097067239,0.0,0.5142857142857142
879,48487,879,0.1587305099578225,0.0,0.6666666666666666
880,48560,880,0.7710014513935535,0.0,0.5609756097560976
881,48777,881,1.5903347378183008,0.0,0.5192307692307693
882,48810,882,0.306549271462427,0.0,0.8823529411764706
883,48923,883,1.360716565352442,0.0,0.5538461538461539
884,48948,884,0.27508716525878596,0.0,0.9230769230769231
885,48989,885,0.12810850797286685,0.0,0.9230769230769231
886,49142,886,1.1197447204064117,0.0,0.6017699115044248
887,49183,887,0.23133350157219687,0.0,0.8
888,49224,888,0.48646145362000975,0.0,0.7142857142857143
889,49249,889,0.24355482125798514,0.0,0.9285714285714286
890,49298,890,1.0072233687384382,0.0,0.5909090909090909
891,49339,891,1.0048459585033125,0.0,0.5263157894736842
892,49412,892,1.5415512830522735,0.0,0.4489795918367347
893,49461,893,1.0883359073823202,0.0,0.6470588235294118
894,49758,894,0.6277072460954107,0.0,0.5603448275862069
895,49823,895,1.064740282824571,0.0,0.6097560975609756
896,49848,896,0.41620975017062545,0.0,0.6666666666666666
897,50001,897,1.9459661217001598,0.0,0.524822695035461
898,50042,898,0.4396220609492158,0.0,0.7857142857142857
899,50147,899,0.8562768517521461,0.0,0.6774193548387096
900,50172,900,0.06987969633482861,1.0,1.0
901,50301,901,1.9383277058896407,0.0,0.4915254237288136
902,50318,902,0.25160908463964005,0.0,0.8333333333333334
903,50359,903,0.3836636248344148,0.0,0.8260869565217391
904,50424,904,0.2848007785677585,0.0,0.7777777777777778
905,50465,905,0.26770954471838193,0.0,0.8461538461538461
906,50514,906,1.301866271775801,0.0,0.575
907,50587,907,0.6507435381174501,0.0,0.725
908,50612,908,0.5006546637735543,0.0,0.7777777777777778
909,50637,909,0.03919241204401866,1.0,1.0
910,50678,910,0.6053913538857597,0.0,0.7333333333333333
911,50719,911,0.6155321746269474,0.0,0.7058823529411765
912,50736,912,0.40177045900753,0.0,0.7142857142857143
913,50769,913,0.4102083832139033,0.0,0.6923076923076923
914,50842,914,1.5392289936389025,0.0,0.46938775510204084

